{"key":"pXBn0Xx0t4K7EpB4zBIMJGWuxUUKnk5qCWHkFR21","username":"mk@pos26.ru","password":"!Sputnik2023@","action":"insert","entity_id":"64","items":{"field_751":"OKID: 1340, после обновления кассы прием ЕГАИС не работает ","field_754":"Интернет есть , кассу перезагружали , прием так и не заработал <br>\n\n Заявка перенесена с OkDesk. [ID: 1340]","date_added":"2024-06-01T12:08:49.042+03:00","field_1004":"2024-06-01T12:08:49.042+03:00","date_updated":"2024-06-04T13:48:35.654+03:00","parent_item_id":314,"field_829":74,"field_918":259,"field_784":343,"field_839":11}}