{"key":"pXBn0Xx0t4K7EpB4zBIMJGWuxUUKnk5qCWHkFR21","username":"mk@pos26.ru","password":"!Sputnik2023@","action":"insert","entity_id":"64","items":{"field_751":"OKID: 1200, не работает сканер","field_754":"\n\n Заявка перенесена с OkDesk. [ID: 1200]","date_added":"2024-05-21T20:59:39.001+03:00","field_1004":"2024-05-21T20:59:39.001+03:00","date_updated":"2024-05-21T21:40:05.733+03:00","parent_item_id":1852,"field_829":74,"field_918":259,"field_784":344,"field_839":10}}