{"key":"pXBn0Xx0t4K7EpB4zBIMJGWuxUUKnk5qCWHkFR21","username":"mk@pos26.ru","password":"!Sputnik2023@","action":"insert","entity_id":"64","items":{"field_751":"OKID: 1211, на ноутбуке нет интернета ","field_754":"\n\n Заявка перенесена с OkDesk. [ID: 1211]","date_added":"2024-05-22T13:08:27.839+03:00","field_1004":"2024-05-22T13:08:27.839+03:00","date_updated":"2024-05-22T13:22:22.007+03:00","parent_item_id":1852,"field_829":74,"field_918":260,"field_784":344,"field_839":0}}