{"key":"pXBn0Xx0t4K7EpB4zBIMJGWuxUUKnk5qCWHkFR21","username":"mk@pos26.ru","password":"!Sputnik2023@","action":"insert","entity_id":"64","items":{"field_751":"OKID: 1237, сделать блокировку продажи алкоголя на 25 мая","field_754":"\n\n Заявка перенесена с OkDesk. [ID: 1237]","date_added":"2024-05-24T10:10:17.364+03:00","field_1004":"2024-05-24T10:10:17.364+03:00","date_updated":"2024-05-24T10:22:04.094+03:00","field_829":74,"field_918":260,"field_784":344,"field_839":37}}