{"key":"pXBn0Xx0t4K7EpB4zBIMJGWuxUUKnk5qCWHkFR21","username":"mk@pos26.ru","password":"!Sputnik2023@","action":"insert","entity_id":"64","items":{"field_751":"OKID: 1311, ЕГАИС Груша","field_754":"добрый ден,<br>\nУ поставщика нет возможности отправить документ на ID 030000372339<br>\nвсе ли работает с нашей стороны?\n\n Заявка перенесена с OkDesk. [ID: 1311]","date_added":"2024-05-30T10:06:23.238+03:00","field_1004":"2024-05-30T10:06:23.238+03:00","date_updated":"2024-06-06T12:10:36.841+03:00","parent_item_id":1852,"field_829":74,"field_918":260,"field_784":344,"field_839":11}}